{
  "hash": "cd808c8f",
  "configHash": "960ecb76",
  "lockfileHash": "1117e423",
  "browserHash": "620d6442",
  "optimized": {
    "@angular/core": {
      "src": "../../../../../node_modules/@angular/core/fesm2022/core.mjs",
      "file": "@angular_core.js",
      "fileHash": "e4b68da1",
      "needsInterop": false
    },
    "@angular/platform-browser": {
      "src": "../../../../../node_modules/@angular/platform-browser/fesm2022/platform-browser.mjs",
      "file": "@angular_platform-browser.js",
      "fileHash": "231b9083",
      "needsInterop": false
    },
    "@angular/router": {
      "src": "../../../../../node_modules/@angular/router/fesm2022/router.mjs",
      "file": "@angular_router.js",
      "fileHash": "25939a93",
      "needsInterop": false
    },
    "@angular/forms": {
      "src": "../../../../../node_modules/@angular/forms/fesm2022/forms.mjs",
      "file": "@angular_forms.js",
      "fileHash": "f396e0b8",
      "needsInterop": false
    }
  },
  "chunks": {
    "chunk-7FWXJC5K": {
      "file": "chunk-7FWXJC5K.js"
    },
    "chunk-JAMTA3OP": {
      "file": "chunk-JAMTA3OP.js"
    },
    "chunk-JZPSH2O4": {
      "file": "chunk-JZPSH2O4.js"
    }
  }
}