{
  "hash": "2c5f7841",
  "configHash": "32c03902",
  "lockfileHash": "19516dff",
  "browserHash": "af5c972e",
  "optimized": {
    "@angular/core": {
      "src": "../../../../../node_modules/@angular/core/fesm2022/core.mjs",
      "file": "@angular_core.js",
      "fileHash": "e47bd7ee",
      "needsInterop": false
    },
    "@angular/platform-browser": {
      "src": "../../../../../node_modules/@angular/platform-browser/fesm2022/platform-browser.mjs",
      "file": "@angular_platform-browser.js",
      "fileHash": "d6be6448",
      "needsInterop": false
    },
    "@angular/router": {
      "src": "../../../../../node_modules/@angular/router/fesm2022/router.mjs",
      "file": "@angular_router.js",
      "fileHash": "3a8ef293",
      "needsInterop": false
    },
    "@angular/forms": {
      "src": "../../../../../node_modules/@angular/forms/fesm2022/forms.mjs",
      "file": "@angular_forms.js",
      "fileHash": "8f040c7e",
      "needsInterop": false
    },
    "@angular/common": {
      "src": "../../../../../node_modules/@angular/common/fesm2022/common.mjs",
      "file": "@angular_common.js",
      "fileHash": "afe8dc43",
      "needsInterop": false
    },
    "@angular/common/http": {
      "src": "../../../../../node_modules/@angular/common/fesm2022/http.mjs",
      "file": "@angular_common_http.js",
      "fileHash": "9093f01e",
      "needsInterop": false
    },
    "express": {
      "src": "../../../../../node_modules/express/index.js",
      "file": "express.js",
      "fileHash": "acc71bdf",
      "needsInterop": true
    }
  },
  "chunks": {
    "chunk-FDID3TJG": {
      "file": "chunk-FDID3TJG.js"
    },
    "chunk-N5MNMF32": {
      "file": "chunk-N5MNMF32.js"
    },
    "chunk-O2U65JVU": {
      "file": "chunk-O2U65JVU.js"
    },
    "chunk-U5DCR5HL": {
      "file": "chunk-U5DCR5HL.js"
    },
    "chunk-X6JV76XL": {
      "file": "chunk-X6JV76XL.js"
    }
  }
}