{
  "hash": "06cf3c8f",
  "configHash": "4acf3cf1",
  "lockfileHash": "1117e423",
  "browserHash": "5513f5b3",
  "optimized": {
    "@angular/common": {
      "src": "../../../../../node_modules/@angular/common/fesm2022/common.mjs",
      "file": "@angular_common.js",
      "fileHash": "840e4845",
      "needsInterop": false
    },
    "@angular/common/http": {
      "src": "../../../../../node_modules/@angular/common/fesm2022/http.mjs",
      "file": "@angular_common_http.js",
      "fileHash": "5a2292db",
      "needsInterop": false
    },
    "@angular/core": {
      "src": "../../../../../node_modules/@angular/core/fesm2022/core.mjs",
      "file": "@angular_core.js",
      "fileHash": "0eed13e7",
      "needsInterop": false
    },
    "@angular/forms": {
      "src": "../../../../../node_modules/@angular/forms/fesm2022/forms.mjs",
      "file": "@angular_forms.js",
      "fileHash": "3b556453",
      "needsInterop": false
    },
    "@angular/platform-browser": {
      "src": "../../../../../node_modules/@angular/platform-browser/fesm2022/platform-browser.mjs",
      "file": "@angular_platform-browser.js",
      "fileHash": "730787b4",
      "needsInterop": false
    },
    "@angular/router": {
      "src": "../../../../../node_modules/@angular/router/fesm2022/router.mjs",
      "file": "@angular_router.js",
      "fileHash": "65985b7d",
      "needsInterop": false
    }
  },
  "chunks": {
    "chunk-ZZ3OEQYS": {
      "file": "chunk-ZZ3OEQYS.js"
    },
    "chunk-56PSM63J": {
      "file": "chunk-56PSM63J.js"
    },
    "chunk-QWHQSQD7": {
      "file": "chunk-QWHQSQD7.js"
    },
    "chunk-JZPSH2O4": {
      "file": "chunk-JZPSH2O4.js"
    }
  }
}