{
  "student": [
    {
      "id": "1",
      "name": "Asif",
      "address": "Azadbasti"
    },
    {
      "id": "2",
      "name": "Irshad",
      "address": "Mango"
    },
    {
      "id": "3",
      "name": "Kashif",
      "address": "Old Purulia"
    },
    {
      "id": "0",
      "name": "irshad",
      "address": "jsr"
    },
    {
      "id": "0",
      "name": "Tasleem Akhtar",
      "address": "Hussani mohalla"
    },
    {
      "id": "0",
      "name": "wasim khan",
      "address": "Chownk"
    },
    {
      "id": "0",
      "name": "wasim khan",
      "address": "Chownk"
    },
    {
      "id": "0",
      "name": "wasim khan",
      "address": "Chownk"
    },
    {
      "id": "0",
      "name": "Abhay",
      "address": "dimna"
    },
    {
      "id": "0",
      "name": "Noor",
      "address": "Noor colony"
    },
    {
      "id": "0",
      "name": "Huda",
      "address": "sabina apartment"
    },
    {
      "id": "",
      "name": "Yasin",
      "address": "road no 18"
    },
    {
      "id": "0",
      "name": "xyz",
      "address": "abc"
    },
    {
      "id": "0",
      "name": "Raju",
      "address": "Mango"
    },
    {
      "id": "0",
      "name": "Qamar",
      "address": "Mango"
    },
    {
      "id": "0",
      "name": "irshad",
      "address": "H-94, Harmu Housing Colony, Opp Basant Vihar Rd No-1, Harmu Rd, Near Sahzanand Chowk, Ranchi, Jharkhand, India - 834002"
    },
    {
      "id": 0,
      "name": "new",
      "address": "dddd"
    }
  ]
}